Id,Extracted Signatures
1,SAIAFDLSIGEGYLLFAGEINGWGPAETCVFSTL
2,SALSFDLSVGEMILILCGEINAWGPAETCVMSTL
3,SDISFDVSVGELFLVLAGEVNGWGPAETCVLSAT
4,SAIAFDLSIGESFLLLAGEINGWGPAETCVFSTL
5,SAIGFDLSVGECIFILCGEFNGWGPAETCVYSSL
6,SGHSFDGSLGETMLVLGGEVNGYGPAEACNYATT
7,AAIAFDASVGEAWIILVGEINGWGPAETCVVSTL
8,SSLSFDAALFESLLISAGELNAWGPTECCVIACL
9,SAIAFDLSIGEGYLLLAGEINGWGPAETCCFSTL
10,SAISFDVSVGEQYLLLIGEINAWGPAETCVFSSL
11,NAISFDFSIMEMYLCAGGEFNAWGPTETTVMGSL
12,SAIAFDLSIGEAFLLLAGEINGWGPAETCVFSTL
13,SAYSFDVGVLDVFLCLGGEHGLYGPAEASICAWN
14,SSYSFDASIAEALIMLGGEFNAWGPTESCVFGSL
15,SAIAFDLSIGEAFLLLAGEINGWGPAETCVFSTL
16,SAMAFDMSIAELWLFLAGEWNGWGPAETCVVSSL
17,TGYSFDGSLGEGMLVLGGEFNGYGPAEACNYATT
18,ARQAFDACIIETLLLLGGEHNAYGPAEGCVASTN
19,SAIAFDLSIGEGYLLFAGEINGWGPAETCVFSTL
20,SAIAFDLSVGEAILVLAGEVCGWGPAETCVLSSL
21,SDISFDVSVGELFLVLAGEVNGWGPAETCVLSAI
22,SASAFDMSIGEPFFLIGGEISGWGPAETCVASTW
23,SAIGFDLSVGECIFILCGEFNGWGPAETCVYSSL
24,SGHSFDGSLGETMLVLGGEVNGYGPAEACNYATT
25,AAAAFDAAVGEAWLILVGEINGWGPAETCVVSTL
26,SSLSFDAALFESLLLAAGELNAWGPTECCVIACI
27,SAIAFDLSIGEGYLLLAGEINGWGPAETCCFSAL
28,SAISFDVSVGEQYLLLIGEINAWGPAETCVFSSL
29,NAIAFDFSVMELYLFVAGELNGWGPAETVIASSI
30,SAIAFDLSIGEAFLLLAGEINGWGPAETCVFSTL
31,SAYSFDVGVLDVFLCLGGEHGLYGPAEASICAWN
32,SSYSFDASVAEALIILGGEFNAWGPTESCVFGSL
33,SAIAFDLSIGEAFLLLAGEINGWGPAETCVFSTL
34,SAIAFDLCLGELLLLLAGEWNGWGPAETCLFSSL
35,TGYSFDGSLGEGMLVLGGEFNGYGPAEACNYATT
36,ARQAFDACMIETFLLIGGERNVYGPAEACVATTN
37,SAIAFDLSIGEGYLLFAGEINGWGPAETCVFSTL
38,SAYSFDVGVLDVFLCLGGEHGLYGPAEASICAWN
39,SAIAFDLSIGEAFLLLAGEINGWGPAETCVFSTL
40,SDISFDVSVGELFLVLAGEVNGWGPAETCVLSSI
41,SAIAFDLSIGEAFLLLAGEINGWGPAETCVFSTL
42,SAIAFDLSIGEGLFILAGEINGWGPAETCVFSSF
43,SGHSFDGSLGETMLVLGGEINGYGPAEACNYATT
44,SAIAFDLSIGEAYLLLAGEINGWGPAETCVFSTL
45,GSLSFDAALFESLLLVAGEINAWGPTECCVIACI
46,SAIAFDLSIGEGYLLLAGEINGWGPAETCCFSTL
47,SDISFDVSVGEEYLLLIGEINAWGPAETCVFSTL
48,SDISFDFSISEMFLLMGGEFNAWGPTESCVMGTI
49,SAIAFDLSIGEAFLLLAGEINGWGPAETCVFSTL
50,SAYSFDVGVLDVFLCLGGEHGLYGPAEASICAWN
51,SSIAFDACIGEAMLILIGELNGWGPTETCVFGAL
52,SAIAFDLSIGEAFLLLAGEINGWGPAETCVFSTL
53,SAIAFDMSIGELFLLLAGEWNGWGPAETCVFSSL
54,TGYSFDGSLGEGMLVLGGEINGYGPAEACNYATT
55,SGYSFDGSLGEAMLILGGEINGYGPAEACNYATW
56,ARQAFDACIAETFLILMGEHNGYGPAEGCVGSTN
57,SAIAFDLSIGEGYLLFAGEINGWGPAETCVFSTL
58,AAHSFDVGVLDILLGLIGEHGLYGPAEASVCAWN
59,SAIAFDLSIGEGYLLLAGEINGWGPAETCVFSSL
60,SDISFDLSVTDLYLLVGGEVNAWGPTEACVMSSI
61,SAIAFDLSIGEAFLLLAGEINGWGPAETCVFSTL
62,SGHSFDGSLGETMLVLGGEVNGYGPAEACNYATT
63,SAIAFDLSIGEAYLLLAGEINGWGPAETCVFSTL
64,SSLSSDAALFESLLLIGGEFNIWGPAECCVAASI
65,SAIAFDLSIGEGYLVLAGEINGWGPAETCCYSTL
66,SALSFDVSVGEGYLALLGEVNGWGPAETCVLSAT
67,SDISSHLSISEMYLLMGGELNAWGPTESCMMGAI
68,SAIAFDLSIGEGFLLLAGEINGWGPAETCVFSTL
69,SAYSFDVGVLDVFLCLGGEHGLYGPAEASICAWN
70,SSAAFDACIAETLLMLGGEFNAWGPTESCVFGAL
71,SAIAFDLSIGEAFFLLAGEINGWGPAETCVFSTL
72,TAIAFDMSIGELWLLLAGEFNGWGPAETCVFSSL
73,SGYSFDGSLGEAMLVLGGEINGYGPAEACNYATW
74,VRQAFDACIAETLLLTMGEHNCYGPAEACVTSTN
75,SAIAFDLSIGEGYLLFAGEINGWGPAETCVFSTL
76,AAHSFDVGVLDILLGLIGEHGLYGPAEASVCAWN
77,SAIAFDLSIGEGYLLLAGEINGWGPAETCVFSSL
78,SDISFDLSVTDLYLLVGGEVNAWGPTEACVMSSI
79,SAIAFDLSIGEAFLLLAGEINGWGPAETCVFSTL
80,SGHSFDGSLGETMLVLGGEVNGYGPAEACNYATT
81,SAIAFDLSIGEAYLLLAGEINGWGPAETCVFSTL
82,SSLSSDAALFESLLLIGGEFNIWGPAECCVAASI
83,SAIAFDLSIGEGYLVLAGEINGWGPAETCCYSTL
84,SALSFDVSVGEGYLALMGEVNGWGPAETCVLSST
85,SDISSHLSISEMYILMGGELNAWGPTESCMMGAI
86,SAIAFDLSIGEGFLLLAGEINGWGPAETCVFSTL
87,SAYSFDVGVLDVFLCLGGEHGLYGPAEASICAWN
88,SSAAFDACIAETLLMLGGEFNAWGPTESCVFGAL
89,SAIAFDLSIGEAFFLLAGEINGWGPAETCVFSTL
90,TAIAFDMSIGELWLLLAGEFNGWGPAETCVFSSL
91,SGYSFDGSLGEAMLVLGGEINGYGPAEACNYATW
92,VRQAFDACIAETLLLTMGEHNCYGPAEACVTSTN
93,SAIAFDLSIGEGYLLFAGEVNGWGPAETCVFSTL
94,AAHSFDIGILDIILCLAGEHGLYGPAEASICAWN
95,SAISFDVSIGEAFLLLAGEINGWGPAETCVFSTL
96,SDISFDLSVGELFLLLAGEVNGWGPAETCVFSTL
97,SAMAFDMSIGEAFLILAGEINGWGPAETCVVSTL
98,SGHSFDGSLGETMLVLGGEVNGYGPAEACNYATT
99,SAIAFDLSIGEAYLVLAGEINGWGPAETCVFSTL
100,SSLSFDAALFESLLLIGGEFNIWGPAECCVAASI
101,SAIAFDLSIGEGYLLLAGEINGWGPAETCCFSTL
102,SAISFDVSVGENYLLLMGEYNAWGPAETCVLNTV
103,SDISFDFSISEMYLLMGGEFNAWGPTESCVMGTI
104,SAIAFDLSIGEGFLLLAGEINGWGPAETCVFSTL
105,SAYSFDVGVLDVFLCLGGEHGLYGPAEASICAWN
106,SSAAFDACIAETLLVLVGEFNGWGPTETCVFGAV
107,SAIAFDLSIGEAFFLLAGEVNGWGPAETCVFSTL
108,SALSFDMSVGELWLMVGGEFEGWGPTEICVISSL
109,TAYSFDGSLGEGMLVLGGEFNGYGPAEACNYATI
110,SGYSFDGSLGEAMLILGGEINGYGPAEACNYATW
111,ARQAFDASIAEAIFLSVGEHNGYGPAEACVGATN
112,SAIAFDLSIGEGYLLFAGEINGWGPAETCVFSTL
113,SAIAFDLSVGEAILVLAGEICGWGPAETCVLSSL
114,SDISFDVSVGELFLVLAGEVNGWGPAETCVLSAI
115,SAIAFDMSIGESFLLLAGEINGWGPAETCVFSTL
116,SAIGFDLSVGECIFILCGEFNGWGPAETCVYSSL
117,SGHSFDGSLGETMLVLGGEVNGYGPAEACNYATT
118,AAAAFDAAVGEAWIVLLGELNGWGPAETCVVSTL
119,SSLSFDAALFESLLLAAGELNAWGPTECCVIACL
120,SAIAFDLSIGEGYLLLAGEINGWGPAETCCFSAL
121,SAISFDVSVGEQYLLLIGEINAWGPAETCVFSSL
122,NAISFDFSILEAYLCAGGEFNGWGPTETTVMGSL
123,SAIAFDLSIGEAYLLLAGEINGWGPAETCVFSTL
124,SAYSFDVGVLDVFLCLGGEHGLYGPAEASICAWN
125,SSYSFDASIAEALIMLGGEFNAWGPTESCVFGSL
126,SAIAFDLSIGEAFLLLAGEINGWGPAETCVFSTL
127,SAIAFDLCLGELLLLLAGEWNGWGPAETCLFSSL
128,TGYSFDGSLGEGMLVLGGEFNGYGPAEACNYATT
129,ARQAFDGSIFENVLVLAGEHNGYGPAEGCIGSTI
130,SAIAFDLSIGEGYLLFAGEINGWGPAETCVFSTL
131,SAYSFDVGVLDVFLCLGGEHGLYGPAEASICAWN
132,SAIAFDLSIGEAFLLLAGEINGWGPAETCVFSTL
133,SDISFDVSVGELFLVLAGEVNGWGPAETCVLSAI
134,SAIAFDLSIGEAFLLLAGEINGWGPAETCVFSTL
135,SAIAFDLSIGEGLFILAGEINGWGPAETCVFSSF
136,SGHSFDGSLGETMLVLGGEVNGYGPAEACNYATT
137,SAIAFDLSIGEAYLLLAGEINGWGPAETCVFSTL
138,GSLSFDAALFESLLLVAGEVNAWGPTECCVIACI
139,SAIAFDLSIGEGYLLLAGEINGWGPAETCCFSTL
140,SDISFDVSVGEEYLLLIGEINAWGPAETCVFSTL
141,SDISFDFSISEMFLLMGGEFNAWGPTESCVMGTI
142,SAIAFDLSIGEAFLLLAGEINGWGPAETCVFSTL
143,SAYSFDVGVLDVFLCLGGEHGLYGPAEASICAWN
144,SSIAFDACIGEAMLILIGELNGWGPTETCVFGAL
145,SAIAFDLSIGEAFLLLAGEINGWGPAETCVFSTL
146,SAIAFDMSIGELWLLLAGEWNGWGPAETCVFSSL
147,TGYSFDGSLGEGMLVLGGEINGYGPAEACNYATT
148,SGYSFDGSLGEAMLILGGEINGYGPAEACNYATW
149,ARQAFDACIAETFLILMGEHNGYGPAEGCVGSTN
150,SAIAFDLSIGEGYLLFAGEINGWGPAETCVFSTL
151,VAHSFDIGILDVFLNLGGENGLYGPAEASICARN
152,SAIAFDLSIGEAFLLLAGEINGWGPAETCVFSTL
153,SDISFDVSVGELFLVLAGEVNGWGPAETCVLSAI
154,SAIAFDLSIGEAFLLLAGEVNGWGPAETCVFSTL
155,SAISFDVSIGEGCFILAGEINGWGPAETCVFSSM
156,SGHSFDGSLGETMLVLGGEVNGYGPAEACNYATT
157,SAIAFDLSIGEAYLLLAGEVNGWGPAETCVFSTL
158,SSLSFDAALFESLLLVGGETNAWGPTECCVIGCI
159,SAIAFDLSIGEGYILLAGEINGWGPAETCVFSTL
160,SDISFDVSVGEEYLLLIGEVNAWGPAETCVFSTL
161,SDLSFDFSVGEMFLLVGGELSAWGPTEACVISAV
162,SAIAFDLSIGEAFLLLAGEVNGWGPAETCVFSTL
163,SAYSFDVGVLDVFLCLGGEHGLYGPAEASICAWN
164,SSIAFDACIGEAMLILIGELNGWGPTETCVFGAL
165,SAIAFDLSIGEAFLLLAGEINGWGPAETCVFSTL
166,SAIAFDMSVGEVWLFLAGEWNGWGPAETCVVSSL
167,TGYSFDGSLGEGMLVLGGEYNGYGPAEACNYATT
168,SGYSFDGSLGEAMLVLGGEINGYGPAEACNYATW
169,ARQAFDACIAETFLILMGEHNGYGPAEGCVGSTN
170,SAIAFDLSIGEGYLLFAGEINGWGPAETCVFSTL
171,AAHSFDIGILDVFLCLGGENGLYGPAEASICAWN
172,SAIAFDLSIGEAFLLLAGEINGWGPAETCVFSTL
173,SDISFDVSVGELFLVLAGEVNGWGPAETCVLSAI
174,SAIAFDLSIGEAFLLLAGEINGWGPAETCVFSTL
175,SAIAFDLSIGESFFLLAGEINGWGPAETCVFSSI
176,SGYSFDGSLGETMLVLGGEVNGYGPAEACNYATT
177,SAIAFDLSIGEAFLLVCGEINGWGPAETCVFSTL
178,SSLSFDAALFESLLLVAGEVNVWGPTECCVIACM
179,SAIAFDLSIGEGYLLLAGEINGWGPAETCCFSTL
180,SDISFDVSVSEGYLLLIGEVNAWGPAETCVFSTL
181,SDISFDFSISEMYLLMGGELNAWGPTESCVMGAI
182,SAIAFDLSIGEAFLLLAGEVNGWGPAETCVFSTL
183,SAYSFDVGILDVFLCLGGEHGLYGPAEASICAWN
184,SSIAFDACIGEAMLILIGELNGWGPTEACVFGAL
185,SAIAFDLSIGEAFLLLAGEINGWGPAETCVFSTL
186,SAIAFDMSIGELWLLLAGEFNGWGPAETCVFSSL
187,TGYSFDGSLGEGMLVLGGEANGYGPAEACNYATT
188,SGYSFDGSLGEAMLILGGEVNGYGPAETCNYATW
189,ARQAFDACIAETFLILMGEHNAYGPAEGCVGSTN
190,SAIAFDLSIGEGYLLFAGEINGWGPAETCVFSTL
191,SAIAFDLSVGEAILVLAGEVCGWGPAETCVLSSL
192,SDISFDLSVGELFLVLAGEVNGWGPAETCVLSAT
193,SAMAFDMSIGEPFFLLAGEINGWGPAETCVCSTW
194,SAIAFDLAVGECFFLLCGEINGWGPAETCVFSSL
195,SGHSFDGSLGETMLVLGGEVNGYGPAEACNYATT
196,AAAAFDAAVGETWIILVGELNGWGPAETCVVSTL
197,SSLSFDAALFESLLLVAGEINAWGPTECCVAACI
198,SAIAFDLSIGEGYLLLAGEINGWGPAETCCFSSL
199,NVLSFDVSVGEQYLLLAGEINAWGPAETCVYSAL
200,NAIAFDLSIMEMYLFVAGELNGWGPAETVVFSSI
201,SAIAFDLSIGEGYLLLAGEINGWGPAETCVFSTL
202,SAYSFDVGVLDVFLCLGGEHGLYGPAEASICAWN
203,SSYSFDASIAEALIILGGEFNAWGPTESCVFGSL
204,SAIAFDLSIGEAFLLLAGEINGWGPAETCVFSTL
205,SAIAFDMSLGEPWLLLAGEWNGWGPAETCVLSSM
206,TGYSFDGSLGEGMLVLGGEFNGYGPAEACNYATT
207,ARQAFDACIIETFLLTGGERNVYGPAEACVATTN
208,SAIAFDLSIGEGYLLFAGEVNGWGPAETCVFSTL
209,AAHSFDIGILDIILCLAGEHGLYGPAEASICAWN
210,SAIAFDLSIGEAFLLLAGEINGWGPAETCVFSTL
211,SDISFDLSVGELFLLLAGEVNGWGPAETCVFSTL
212,SAYAFDMSLAEAIFVVGGEFNAWGPTETCVISSL
213,SGHSFDGSLGETMLVLGGEVNGYGPAEACNYATT
214,SAIAFDLSIGEAYLLLAGEINGWGPAETCVFSTL
215,SSLSFDAAVFESLLMIGGEFNIWGPTEGCVAASI
216,SAIAFDLSIGEGYLLLAGEINGWGPAETCCFSTL
217,SAISFDVSVGENYLLLMGEYNAWGPAETCVLNTV
218,SAISFDFSISEMYLVMGGEFNGWGPTECCVMGAL
219,SAIAFDLSIGEGFLLLAGEINGWGPAETCVFSTL
220,SAYSFDVGVLDVFLCLGGEHGLYGPAEASICAWN
221,SSIAFDACIGEAMLILIGELNGWGPTETCVFGAL
222,SAIAFDLSIGEAFFLLAGEVNGWGPAETCVFSTL
223,SAIAFDLSLGDLFLLLAGEFNGWGPAETCLFSSL
224,TAYSFDGSLGEGMLVLGGEFNGYGPAEACNYAAI
225,SGYSFDGSLGEAMLVLGGEINGYGPAEACNYATW
226,ARQAFDACIAEALLISGGEHNCYGPVEACVATTN
227,SAIAFDLSIGEGYLLFAGEVNGWGPAETCVFSTL
228,AAHSFDIGILDIILCLAGEHGLYGPAEASICAWN
229,SAIAFDLSIGEVFLLLAGEIIGWGPAETCVYSTL
230,SDISFDLSVGELFLLLAGEVNGWGPAETCVFSTL
231,SSFAFDMSLGEAILLVGGEFNGWGPTETCVVSAL
232,SGHSFDGSLGETMLVLGGEVNGYGPAEACNYATT
233,SAIAFDLSIGEAYLLLAGEINGWGPAETCVFSTL
234,SSLSFDAALFESLLLIGGEFNTWGSTECGVAASI
235,SAIAFDLSIGEGYLLLAGEINGWGPAETCCFSTL
236,SAISFDVSVGEDYLILMGEYNAWGPAETCVFNTV
237,SDISFDFSISEMYLLVGGEFQAWGPTEACVISAV
238,SAIAFDLSIGEGFLLLAGEINGWGPAETCVFSTL
239,SAYSFDVGVLDVFLCLGGEHGLYGPAEASICAWN
240,SSIAFDACIGEAMLILIGELNGWGPTETCVFGAL
241,SAIAFDLSIGEAFFLLAGEINGWGPAETCVFSTL
242,SAIAFDLSLADLLLFLAGEFNGWGPAETCVISSL
243,TAYSFDGSLGEGMLVLGGEFNGYGPAEACNYATI
244,SGYSFDGSLGEAMLILGGEINGYGPAEACNYATW
245,ARQSFDGCIIETLLFTMGERNVYGPAEGCVASTS
246,SAIAFDLSIGEGYLLFAGEINGWGPAETCVFSTL
247,VAHSFDIGILDVFLNLGGENGLYGPAEASICARN
248,SAIAFDLSIGEAFLLLAGEVNGWGPAETCVFSTL
249,SDISFDVSVGELFLVLAGEVNGWGPAETCVLSAI
250,SAIAFDLSIGEAFLLLAGEVNGWGPAETCVFSTL
251,SAISFDVSVGEGCFILEGEINGWGPAETCVFSSM
252,SGHSFDGSLGETMLVLGGEVNGYGPAEACNYATT
253,SAIAFDLSIGEAYLLLAGEVNGWGPAETCVFSTL
254,SSLSFDAALFESLLMVGGEINAWGPTEACVIACM
255,SAIAFDLSIGEGYILLAGEINGWGPAETCVFSTL
256,SDISFDVSVGEEYLLLIGEVNAWGPAETCVFSTL
257,SAFAFDLSIGEMYLLLAGELNGWGPAETCVTSTI
258,SAIAFDLSIGEAFLLLAGEVNGWGPAETCVFSTL
259,SAYSFDVGVLDVFLCLGGEHGLYGPAEASICAWN
260,SSIAFDACIGEAMLILIGELNGWGPTETCVFGAL
261,SAIAFDLSIGEAFLLLAGEINGWGPAETCVFSTL
262,SAIAFDMSVGEIWLFLAGEWNGWGPAETCVVSSL
263,TGYSFDGSLGEGMLVLGGEYNGYGPAEACNYATT
264,SGYSFDGSLGEAMLVLGGEINGYGPAEACNYATW
265,ARQAFDACIAESFLILMGEHNGYGPAEGCVGSTN
266,SAIAFDLSIGEGYLLFAGEVNGWGPAETCVFSTL
267,SALSFDLSVGEMILILCGEINAWGPAETCVMSTL
268,SDISFDVSVGELFLVLAGEVNGWGPAETCVLSAI
269,SASAFDMSIGEPFFLIGGEISGWGPAETCVASTW
270,SAIGFDLSVGECIFVLCGEFNGWGPAETCVYSTL
271,SGHSFDGSLGETMLVLGGEVNGYGPAEACNYATT
272,AAAAFDAAVGEAWIILVGEINGWGPAETCVVSTL
273,SSLSFDAALFESLLLVAGEINAWGPTECCVAACI
274,SAIAFDLSIGEGYLLLAGEINGWGPAETCCFSAL
275,SAISFDVSVGEQYLLLIGEINAWGPAETCVFSSL
276,NAIAFDLSVMELYLFVAGELNGWGPAETVITSSI
277,SAIAFDLSIGEAFLLLAGEINGWGPAETCVFSTL
278,SSYSFDVGVLDVFLCLGGEHGLYGPAEASICAWN
279,SSYSFDASIAEALIILGGEFNAWGPTESCVFGSL
280,SAIAFDLSIGEAFLLLAGEINGWGPAETCVFSTL
281,SAIAFDLCLGELLLLLAGEWNGWGPAETCLFSSL
282,TGYSFDGSLGEGMLVLGGEFNGYGPAEACNYATT
283,ARQAFDACIIETFLLTGGERNVYGPAEACVATTN
284,SAIAFDLSIGEGYLLFAGEINGWGPAETCVFSTL
285,AAHSFDVGVLDILLGLIGEHGLYGPAEASVCAWN
286,SALAFDISVGEAIFIVGGEINAWGPAETCVISAL
287,SDISFDLSVGELFLLLAGEVNGWGPAETCVFSTL
288,SAIAFDLSIGEAFLLLAGEVNGWGPAETCVFSTL
289,SGHSFDGSLGETMLILGGEINGYGPAEACNYATT
290,SAIAFDLSVGEAYLLLAGEVNGWGPAETCVFSTL
291,SSLSFDAALFESLLLIGGEVSIWGPTECCVAASI
292,SAIAFDLSIGEGYLLLAGEINGWGPAETCCFSTL
293,SAISFDVSVGEDYLLLMGEVNAWGPAETCVLNTI
294,SDISFDFSISEMYLLMGGELNAWGPTESCVMGTI
295,SAIAFDLSIGEGFLLLAGEINGWGPAETCVFSTL
296,SAYSFDVGVLDVFLCLGGEHGLYGPAEASICAWN
297,SSIAFDACIGETMLILIGELNGWGPTETCVFGAL
298,SAIAFDLSIGEGFFLLAGEINGWGPAETCVFSTL
299,TAIAFDMSIAELWLLLAGEFNGWGPAETCVFSSL
300,AGYSFDGSLGEGMLVLGGEFNGYGPAEACNYATI
301,SGYSFDGSLGEAMLVLGGEINGYGPAEACNYATW
302,ARQSFDGCIIETLLFTMGERNVYGPAEGCVASTS
303,SAIAFDLSIGEGYLLFAGEINGWGPAETCVFSTL
304,SAIAFDLSVGEAILVLAGEICGWGPAETCVLSSL
305,SDISFDVSVGELFLVLAGEVNGWGPAETCVLSAI
306,SAIAFDMSIGESFLLLAGEINGWGPAETCVFSTL
307,SAIGFDLSVGECIFILCGEFNGWGPAETCVYSSL
308,SGHSFDGSLGETMLILGGEVNGYGPAEACNYATT
309,AAIAFDAAVAESWIILVGEVNGWGPAETCVVSTL
310,SSLSFDAALFESLLLVAGEINAWGPTECCVAACI
311,SAIAFDLSIGEGYLLLAGEINGWGPAETCCFSAL
312,SAISFDVSVGEQYLLLAGEINAWGPAETCVYSAL
313,NAIAFDFSVMELYLFVAGELNGWGPAETVIASSI
314,SAIAFDLSIGEAFLLLAGEINGWGPAETCVFSTL
315,SAYSFDVGVLDVFLCLGGEHGLYGPAEASICAWN
316,SSYSFDASIAEALIILGGEFNAWGPTESCVFGSL
317,SAIAFDLSIGEAFLLLAGEINGWGPAETCVFSTL
318,SAIAFDLCLGELLLLLAGEWNGWGPAETCLFSSL
319,TGYSFDGSLGEGMLVLGGEFNGYGPAEACNYATT
320,ARQSFDGCIIETFLLIGGEHNIYGPTEACVVSTN
321,SAIAFDLSIGEGYLLFAGEINGWGPAETCVFSTL
322,VAHSFDIGILDVFLNLGGENGLYGPAEASICARN
323,SAIAFDLSIGEAFLLLAGEINGWGPAETCVFSTL
324,SDISFDVSVGELFLVLAGEVNGWGPAETCVLSAI
325,SAIAFDLSIGEA-------INGWGPAETCVFSTL
326,SAISFDVSIGEGCFILAGEINGWGPAETCVFSSM
327,SGHSFDGSLGETMLILGGEVNGYGPAEACNYATT
328,SAIAFDLSIGEAYLLLAGEVNGWGPAETCVFSTL
329,GSLSFDAALFESLLLVAGETNAWGPTECSVVACI
330,SAIAFDLSIGEGYLLLAGEINGWGPAETCVFSTL
331,SDISFDVSVGEEYLLLIGEVNAWGPAETCVFSTL
332,SDISFDFSISEMYLLMGGEFNAWGPTESCVMGTI
333,SAIAFDLSIGEAFLLLAGEVNGWGPAETCVFSTL
334,SAYSFDVGVLDVFLCF---HGLYGPAEASICAWN
335,SSIAFDACIGEAMLILIGELNGWGPTETCVFGAL
336,SAIAFDLSIGEAFLLLAGEVNGWGPAETCVFSTL
337,SAIAFDMSVGEVWLFLAGEWNGWGPAETCVVSSL
338,TGYSFDGSLGEGMLVLGGEYNGYGPAEACNYAAT
339,SGYSFDGSLGEAMLVLGGEINGYGPAEACNYATW
340,ARQAFDACIAETFLILMGEHNGYGPAEGCVGSTN
341,SAIAFDLSIGEGYLLFAGEINGWGPAETCVFSTL
342,AAHSFDIGILDVFLCLGGEHGLYGPAEASICAWN
343,SAIAFDLSIGEAFLLLAGEINGWGPAETCVFSTL
344,SDISFDVSVGELFLVLAGEVNGWGPAETCVLSAI
345,SAIAFDLSIGEGLFILAGEVNGWGPAETCVFSSF
346,SGHSFDGSLGETMLVLGGEVNGYGPAEACNYATT
347,SAIAFDLSIGEAYLLLAGEVNGWGPAETCVFSTL
348,GSLSFDAALFESLLLVAGETNAWGPTECCVIACI
349,SAIAFDLSIGEGYLLLAGEINGWGPAETCCFSTL
350,SDISFDVSVGEEYLLLIGEVNAWGPAETCVFSTL
351,SDISFDFSISEMYLLMGGEFNAWGPTESCVMGAI
352,SAIAFDLSIGEAFLLLAGEINGWGPAETCVFSTL
353,SAYSFDVGVLDVFLCLGGEHGLYGPAEASICAWN
354,SSIAFDACVGEAMLILIGELNGWGPTETCVFGAL
355,SAIAFDLSIGEAFLLLAGEINGWGPAETCVFSTL
356,SAIAFDMSIGELWLLLAGEFNGWGPAETCVFSSL
357,TGYSFDGSLGEGMLVLGGEINGYGPAEACNYATT
358,SGYSFDGSLGEAMLILGGEINGYGPAEACNYATW
359,ARQAFDACIAETFLILMGEHNGYGPAEGCVGSTN
360,SAIAFDLSIGEGYLLFAGEINGWGPAETCVFSTL
361,VAHSFDIGILDVFLNLGGENGLYGPAEASICARN
362,SAIAFDLSIGEAFLLLAGEINGWGPAETCVFSTL
363,SDISFDVSVGELFLVLAGEVNGWGPAETCVLSAI
364,SAIAFDLSIGEAFLLLAGEINGWGPAETCVFSTL
365,SAISFDVSIGEGCFILAGEINAWGPAESCVFSSM
366,SGHSFDGSLGETMLVLGGEVNGYGPAEACNYATT
367,SAIAFDLSIGEAYLLLAGEVNGWGPAETCVFSTL
368,GSLSFDAALFESLLLVAGETNAWGPTECCVIACI
369,SAIAFDLSIGEGYLLLAGEVNGWGPAETCVFSTL
370,SDISFDVSVGEEYLLLIGEVNAWGPAETCVFSTL
371,SDISFDFSISEMYLLMGGEFNAWGPTESCVMGTI
372,SAIAFDLSIGEAFLLLAGEVNGWGPAETCVFSTL
373,SAYSFDVGVLDVFLCLGGEHGLYGPAEASICAWN
374,SSIAFDACIGEAMLILIGELNGWGPTETCVFGAL
375,SAIAFDLSIGEAFLLLAGEINGWGPAETCVFSTL
376,SAIAFDMSVGEVWLFLAGEWNGWGPAETCVVSSL
377,TGYSFDGSLGEGMLVLGGEYNGYGPAEACNYAAT
378,SGYSFDGSLGEAMLVLGGEINGYGPAEACNYATW
379,ARQAFDACIAETFLILMGEHNGYGPAEGCVGSTN
380,SAIAFDLSIGEGYLLFAGEVNGWGPAETCVFSTL
381,AAHSFDVGVLDILLGLIGEHGLYGPAEASVCAWN
382,SAISFDVSIGEAFLVLAGEINGWGPAETCVFSTL
383,SDISFDLSVGELFLLLAGEVNGWGPAETCVFSTL
384,SAFAFDMSLAEAVLIVGGEWSAWGPTETCVISTL
385,SGHSFDGSLGETMLVLGGEVNGYGPAEACNYATT
386,SAIAFDLSIGEAYLLLAGEINGWGPAETCVFSTL
387,SSLSSDTALFESLLLIGGEFNTWGSTECCVAASI
388,SAIAFDLSIGEGYLLLAGEINGWGPAETCCFSTL
389,SAISFDVSVGENYLLLMGEYNAWGPAETCVLNTV
390,SDISFDFSISEMYLLMGGEFNAWGPTESCVMGTI
391,SAIAFDLSIGEGFLLLAGEINGWGPAETCVFSTL
392,SAYSFDVGVLDVFLCLGGEHGLYGPAEASICAWN
393,SSIAFDACIGEAMLILIGELNGWGPTETCVFGAL
394,SAIAFDLSIGEAFFLLAGEVNGWGPAETCVFSTL
395,SALSFDMSVGELWLMVGGEFEGWGPTEICVISSL
396,TAYSFDGSLGEGMLVLGGEFNGYGPAEACNYAAI
397,SGYSFDGSLGEAMLILGGEINGYGPAETCNYATW
398,ARQSFDACITETLLLSGGEHNCYGPVEACIATTN
399,SAIAFDLSIGEGYLLFAGEINGWGPAETCVFSTL
400,SAIAFDLSVGEAILVLAGEINGWGPAETCVLSSL
401,SDISFDLSVGELFLVLAGEVNGWGPAETCVLSAT
402,SAMAFDMSIGEPFFLLAGEINGWGPAETCVCSTW
403,SAIGFDLSVGECFFILCGEFNGWGPAETCVFSSL
404,SGHSFDGSLGETMLVLGGEVNGYGPAEACNYATT
405,AAAAFDAAVGEAWIILVGELNGWGPAETCVVSTL
406,SSLSFDAALFESLLLVAGEINAWGPTECCVAACI
407,SAIAFDLSIGEGYLLLAGEINGWGPAETCCFSSL
408,NALSFDVSVGEQYLVLAGEINAWGPAETCVYSTL
409,NAIAFDLSIIEMYLFVAGELNGWGPAETVVFSSI
410,SAIAFDLSIGEGYLLLAGEINGWGPAETCVFSTL
411,SAYSFDVGVLDVFLCLGGEHGLYGPAEASICAWN
412,SSYSFDASIAEALIILGGEFNAWGPTESCVFGSL
413,SAIAFDLSIGEAFLLLAGEINGWGPAETCVFSTL
414,SAIAFDLCLGELLLLLAGEWNGWGPAETCLFSSL
415,TGYSFDGSLGEGMLVLGGEFNGYGPAEACNYATT
416,ARQAFDACITETFLLTGGEHNAYGPAEGCVASTN
417,SAIAFDLSIGEGYLLFAGEINGWGPAETCVFSTL
418,VAHSFDIGILDVFLNLGGENGLYGPAEASICARN
419,SAIAFDLSIGEAFLLLAGEINGWGPAETCVFSTL
420,SDISFDVSVGELFLVLAGEVNGWGPAETCVLSAI
421,SAIAFDLSIGEAFLLLAGEINGWGPAETCVFSTL
422,SAISFDVSIGEGCFILAGEINAWGPAESCVFSSM
423,SGHSFDGSLGETMLVLGGEVNGYGPAEACNYATT
424,SAIAFDLSIGEAYLLLAGEVNGWGPAETCVFSTL
425,GSLSFDAALFESLLLVAGETNAWGPTECCVIACI
426,SAIAFDLSIGEGYLLLAGEVNGWGPAETCVFSTL
427,SDISFDVSVGEEYLLLIGEVNAWGPAETCVFSTL
428,SDISFDFSISEMYLLMGGEFNAWGPTESCVMGTI
429,SAIAFDLSIGEAFLLLAGEVNGWGPAETCVFSTL
430,SAYSFDVGVLDVFLCLGGEHGLYGPAEASICAWN
431,SSIAFDACIGEAMLILIGELNGWGPTETCVFGAL
432,SAIAFDLSIGEAFLLLAGEINGWGPAETCVFSTL
433,SAIAFDMSVGEVWLFLAGEWNGWGPAETCVVSSL
434,TGYSFDGSLGEGMLVLGGEYNGYGPAEACNYAAT
435,SGYSFDGSLGEAMLVLGGEINGYGPAEACNYATW
436,ARQAFDACIAETFLILMGEHNGYGPAEGCVGSTN
437,SAIAFDLSIGEGYLLFAGEINGWGPAETCVFSTL
438,SGFSFDVGILDVFLCLGGEHGLYGPAESSISARN
439,SAIAFDLSIGEALILVAGELNGWGPAETCVFTTI
440,SDISFDVSVGELFLVLAGEVNGWGPAETCVLSAI
441,SAIAFDLSIGEAFLLLAGEINGWGPAETCVFSTL
442,SAIAFDLSIGEGLFILAGEINGWGPAETCVFSSF
443,SGHSFDGSLGETMLILGGEVNGYGPAEACNYVST
444,SAIAFDLSIGEAFSLVAGELNAWGPAETCVFSTI
445,GSLSFDAALFESLLLVAGEINAWGPTETCVIAAI
446,SAIAFDLSIGEGYLLLAGEINGWGPAETCCFSTL
447,SDISFDVSVGEEYLLLIGEVNAWGPAETCVFSTL
448,SAISFDFSISEMFLLMGGELNAWGPTETCVMSTL
449,SAIAFDLSIGEAFLLLAGEINGWGPAETCVFSTL
450,SAYSFDVGVLDVFLCLGGEHGLYGPAEASICAWN
451,SSIAFDACVGEAMLILIGELNGWGPTETCVFGAL
452,SAIAFDLSIGEAFLLLAGEINGWGPAETCVFSTL
453,SAAAFDMM----FLLLAGEINGWGPAETCVFSTL
454,TGYSFDGSLGEGMLVLGGEINGYGPAETCNYATT
455,SGYSFDGSLGEAMLILGGEVNGYGPAEACNYVTY
456,ARQAFDACIAETFLILMGEHNGYGPAEGCVGSTN
457,SAIAFDLSIGEGYLLFAGEINGWGPAETCVFSTL
458,SAYSFDVGVLDVFLCLGGEHGLYGPAEASICAWN
459,SAIAFDLSIGEAFLLLAGEVNGWGPAETCVFSTL
460,SDISFDVSVGELFLVLAGEVNGWGPAETCVLSAI
461,SAIAFDLSIGEAFLLLAGEINGWGPAETCVFSTL
462,SAIAFDLSVGEGLFILAGEVNGWGPAETCVFSSF
463,SGHSFDGSLGETMLVLGGEVNGYGPAEACNYATT
464,SAIAFDLSIGEAFLLLAGEVNGWGPAETCVFSTL
465,SSLSFDASVFESLLIVGGEMNAWGPTESCVIASI
466,SAIAFDLSIGEGYLLLAGEINGWGPAETCCFSTL
467,SDISFDVSVGEEYLLLIGEVNAWGPAETCVFSTL
468,SAIAFDFSIGEMFLLMAGEINGWGPAETCVFSTL
469,SAIAFDLSIGEAFLLLAGEINGWGPAETCVFSTL
470,SAYSFDVGVLDVFLCLGGEHGLYGPAEASICAWN
471,SSIAFDACIGEAMLILIGELNGWGPTETCVFGAL
472,SAIAFDLSIGEAFLLLAGEVNGWGPAETCVFSTL
473,SAAAFDMSIAEPFLLLAGEINGWGPAETCVFSTL
474,TGYSFDGSLGEGMLVLGGEINGYGPAEACNYATT
475,SGYSFDGSLGEAMLILGGEINGYGPAEACNYATW
476,ARQAFDACIAETILILGGEHNGYGPAEGCVASTN
477,SAIAFDLSIGEGYLLFAGEINGWGPAETCVFSTL
478,VAHSFDIGILDVFLNLGGENGLYGPAEASICARN
479,SAIAFDLSIGEAFLLLAGEINGWGPAETCVFSTL
480,SDISFDVSVGELFLVLAGEVNGWGPAETCVLSAI
481,SAIAFDLSIGEAFLLLAGEVNGWGPAETCVFSTL
482,SAISFDVSVGEGCFILEGEINGWGPAETCVFSSM
483,SGHSFDGSLGETMLVLGGEVNGYGPAEACNYATT
484,SAIAFDLSIGEAYLLLAGEVNGWGPAETCVFSTL
485,SSLSFDAALFESLLIVGGEINAWGPTEACVIAST
486,SAIAFDLSIGEGYILLAGEINGWGPAETCVFSTL
487,SDISFDVSVGEEYLLLIGEVNAWGPAETCVFSTL
488,SAFAFDLSIAEMYLLLAGELNGWGPAETCVTSTI
489,SAIAFDLSIGEAYLLLAGEVNGWGPAETCVFSTL
490,SAYSFDVGVLDVFLCLGGEHGLYGPAEASICAWN
491,SSIAFDACIGEAMLILIGELNGWGPTETCVFGAL
492,SAIAFDLSIGEAFLLLAGEVNGWGPAETCVFSTL
493,SAIAFDMSVGEVWLFLAGEWNGWGPAETCVVSSL
494,TGYSFDGSLGEGMLVLGGEYNGYGPAEACNYATT
495,SGYSFDGSLGEAMLILGGEINGYGPAEACNYATW
496,ARQAFDACIAESFLILMGEHNGYGPAEGCVGSTN
497,SAIAFDLSIGEGYLLFAGEINGWGPAETCVFSTL
498,AAHSFDIGILDVFLCLGGEHGLYGPAEASICAWN
499,SVIAFDLSIGEAFLLLAGEINGWGPAETCVFSTL
500,SDISFDVSVGELFLVLAGEVNGWGPAETCVLSAI
501,SAIAFDLSIGEAFLLLAGEVNGWGPAETCVFSTL
502,SAIAFDLSIGEGLFILAGEVNGWGPAETCVFSSS
503,SGHSFDGSLGETMLVLGGEVNGYGPAEACNYATT
504,SAIAFDLSIGEGYLLLAGEINGWGPAETCVFSTL
505,GSLSFDAALFESLLLVAGETNAWGPTECCVIACI
506,SAIAFDLSIGEGYLLLAGEINGWGPAETCCFSTL
507,SDISFDVSVGEEYLLLIGEVNAWGPAETCVFSTL
508,SDISFDFSISEMYLLMGGELNAWGPTESCVMGTI
509,SAIAFDLSIGEAFLLLAGEINGWGPAETCVFSTL
510,SAYSFDVGVLDVFLCLGGEHGLYGPAEASICAWN
511,SSIAFDACIGEAMLILIGELNGWGPTETCVFGAL
512,SAIAFDLSIGEAFFLLAGEINGWGPAETCVFSTL
513,SAIAFDMSIAELWLLLAGEFNGWGPAETCVFSSL
514,TGYSFDGSLGEGMLVLGGEFNGYGPAEACNYATT
515,SGYSFDGSLGEAMLILGGEVNGYGPAEACNYATW
516,ARQAFDACIAETFLILMGEHNGYGPAEGCVGSTN
517,SAIAFDLSIGEGYLLFAGEINGWGPAETCVFSTL
518,VAHSFDIGILDVFLNLGGENGLYGPAEASICARN
519,SAIAFDLSIGEAFLLLAGEINGWGPAETCVFSTL
520,SDISFDVSVGELFLVLAGEVNGWGPAETCVLSAI
521,SAIAFDLSIGEAFLLLAGEVNGWGPAETCVFSTL
522,SAISFDVSIGEGCFILAGEINGWGPAETCVFSSM
523,SGHSFDGSLGETMLVLGGEVNGYGPAEACNYATT
524,SAIAFDLSIGESYLLLAGEVNGWGPAETCVFSTL
525,SSLSFDAALFESLLLVAGETNAWGPTECCVIACI
526,SAIAFDLSIGEGYILLAGEINGWGPAETCVFSTL
527,SDISFDVSVGEEYLLLIGEVNAWGPAETCVFSTL
528,SDISFDFSISEMYLLMGGEFNAWGPTESCVMGTI
529,SAIAFDLSIGEAFLLLAGEVNGWGPAETCVFSTL
530,SAYSFDVGVLDVFLCLGGEHGLYGPAEASICAWN
531,SSIAFDACIGEAMLILIGELNGWGPTETCVFGAL
532,SAIAFDLSIGEAFLLLAGEINGWGPAETCVFSTL
533,SAIAFDMSVGEVWLFLAGEWNGWGPAETCVVSSL
534,TGYSFDGSLGEGMLVLGGEYNGYGPAEACNYATT
535,SGYSFDGSLGEAMLVLGGEINGYGPAEACNYATW
536,ARQAFDACIAETFLILMGEHNGYGPAEGCVGSTN
537,SAIAFDLSIGEGYLLFAGEINGWGPAETCVFSTL
538,VAHSFDIGILDVFLNLGGENGLYGPAEASICARN
539,SAIAFDLSIGEAFLLLAGEINGWGPAETCVFSTL
540,SDISFDVSVGELFLVLAGEVNGWGPAETCVLSAI
541,SAIAFDLSIGEAFLLLAGEVNGWGPAETCVFSTL
542,SAISFDVSVGEGCFILEGEINGWGPAETCVFSSM
543,SGHSFDGSLGETMLVLGGEVNGYGPAEACNYATT
544,SAIAFDLSIGEAYLLLAGEVNGWGPAETCVFSTL
545,SSLSFDAAVFESLLILGGEVNGWGPTEACVIACL
546,SAIAFDLSIGEGYILLAGEINGWGPAETCVFSTL
547,SDISFDVSVGEEYLLLIGEVNAWGPAETCVFSTL
548,SAFAFDLSIGEMYLLLAGELNGWGPAETCVTSAI
549,SAIAFDLSIGEAFLLLAGEVNGWGPAETCVFSTL
550,SAYSFDVGVLDVFLCLGGEHGLYGPAEASICAWN
551,SSIAFDACIGEAMLILIGELNGWGPTETCVFGAL
552,SAIAFDLSIGEAFLLLAGEVNGWGPAETCVFSTL
553,SAIAFDMSVGEVWLFLAGEWNGWGPAETCVVSSL
554,TGYSFDGSLGEGMLVLGGEYNGYGPAEACNYATT
555,SGYSFDGSLGEAMLVLGGEINGYGPAEACNYATW
556,ARQAFDACIAESFLILMGEHNGYGPAEGCVGSTN
557,SAIAFDLSIGEGYLLFAGEINGWGPAETCVFSTL
558,SAIAFDLSVGEAILVLAGEVCGWGPAETCVLSSL
559,SDISFDVSVGELFLVLAGEVNGWGPAETCVLSAI
560,SAIAFDMSIGESFLLLAGEINGWGPAETCVFSTL
561,SAIGFDLSVGECIFILCGEFNGWGPAETCVYSSL
562,SGHSFDGSLGETMLVLGGEVNGYGPAEACNYATT
563,AAAAFDAAVGEAWIILLGELNGWGPAETCVVSTL
564,SSLSFDAALFESLLLVAGEINAWGPTECCVIACI
565,SAIAFDLSIGEGYLLLAGEINGWGPAETCCFSAL
566,SAISFDVSVGEQYLLLIGEINAWGPAETCVFSSL
567,NAISFDFSILEMYLCAGGELNAWGPTETTVMGSL
568,SAIAFDLSIGEAYLLLAGEINGWGPAETCVFSTL
569,SAYSFDVGILDVFLCLGGEHGLYGPAEASICAWN
570,SSYSFDASVAEALIILGGEFNAWGPTESCVFGSL
571,SAIAFDLSIGEAFLLLAGEINGWGPAETCVFSTL
572,SAIAFDLCLGELLLLLAGEWNGWGPAETCLFSSL
573,TGYSFDGSLGEGMLVLGGEFNGYGPAEACNYATT
574,ARQAFDGSIFENVLLLAGEHNGYGPAEGCIGSTV
575,SAIAFDLSIGEGYLLFAGEINGWGPAETCVFSTL
576,SAIAFDLSVGEAILVLAGEICGWGPAETCVLSSL
577,SDISFDVSVGELFLVLAGEVNGWGPAETCVLSAI
578,SASAFDMSIGEPFFLIGGEISGWGPAETCVASTW
579,SAIGFDLSVGECIFVLCGEFNGWGPAETCVYSTL
580,SGHSFDGSLGETMLILGGEVNGYGPAEACNYATT
581,AAAAFDAAVGEAWIILVGELNGWGPAETCVVSTL
582,SSLSFDAALFESLLLAAGELNAWGPTECCVIACL
583,SAIAFDLSIGEGYLLLAGEINGWGPAETCCFSAL
584,SAISFDVSVGEQYLLLIGEINAWGPAETCVFSSL
585,NAIAFDFSVMELYLFVAGELNGWGPAETVITSSI
586,SAIAFDLSIGEAFLLLAGEINGWGPAETCVFSTL
587,SSYSFDVGVLDVFLCLGGEHGLYGPAEASICAWN
588,SSYSFDASIAEALIILGGEFNAWGPTESCVFGSL
589,SAIAFDLSIGEAFLLLAGEINGWGPAETCVFSTL
590,SAIAFDLCLGELLLLLAGEWNGWGPAETCLFSSL
591,TGYSFDGSLGEGMLVLGGEFNGYGPAEACNYATT
592,ARQAFDACIIETFLLTGGERNVYGPAEACVATTN
593,SAIAFDLSIGEGYLLFAGEINGWGPAETCVFSTL
594,SAISFDISVGEAMLVFVGEINGWGPAETCVLSTI
595,SDISFDVSVGELFLVLAGEVNGWGPAETCVLSAI
596,SAMAFDMSVGEPFFLIGGEINGWGPVETCVCSSW
597,SAIAFDLSVGECWFLLCGEFNGWGPAETCVFSSL
598,SGHSFDGSLGETMLVLGGEVNGYGPAEACNYATT
599,SAIAFDCAVGESWSVLVGEINGWGPAETCVVSTI
600,SSLSFDIILFESVLVVAGEANGWGPTECSVIACL
601,SAIAFDLSIGEGYLLLAGEINGWGPAETCCFSTL
602,NALSFDVSVGEQYLLLAGEINAWGPAETCVYNTL
603,NAISFDFSILEMYLFAGGEINGWGPTETTVVGSI
604,SAIAFDLSIGEAYLLLAGEINGWGPAETCVFSTL
605,SAYSFDVGVLDVFLCLGGEHGLYGPAEASICAWN
606,SSYSFDASIAEALLILGGEFNAWGPTESCVFGSL
607,SAIAFDLSIGEAFLLLAGEINGWGPAETCVFSTL
608,SAIAFDLCLGELFLLLAGEWNGWGPAETCLFSSL
609,TGYSFDGSLGEGMLVLGGEFNGYGPAEACNYATT
610,VRQSFDACIIETILILVGEHNGYGPAEACVTSTN
611,SAIAFDLSIGEGYLLFAGEINGWGPAETCVFSTL
612,SAISFDISVGEAMLVFVGEINGWGPAETCVLSTI
613,SDISFDVSVGELFLVLAGEVNGWGPAETCVLSAI
614,SAMAFDMSVGEPFLLLGGEINGWGPVETCVCSSW
615,SAIAFDLSVGECWFLLCGEFNGWGPAETCVFSSL
616,SGHSFDGSLGETMLVLGGEVNGYGPAEACNYATT
617,SAIAFDCAVGESWSVLVGEINGWGPAETCVVSTI
618,SSLSFDIIVFESVLVVAGEANGWGPTECSVIACL
619,SAIAFDLSIGEGYLLLAGEINGWGPAETCCFSTL
620,NALSFDVSVGEQYLLLAGEINAYGPAETCVYNTL
621,NAISFDFSILEMYLFAGGEINGWGPTETTVVGSI
622,SAIAFDLSIGEAYLLLAGEINGWGPAETCVFSTL
623,SAYSFDVGVLDVFLCLGGEHGLYGPAEASICAWN
624,SSYSFDASIAEALLILGGEFNAWGPTESCVFGSL
625,SAIAFDLSIGEAFLLLAGEINGWGPAETCVFSTL
626,SAIAFDLCLGELFLLLAGEWNGWGPAETCLFSSL
627,TGYSFDGSLGEGMLVLGGEFNGYGPAEACNYATT
628,VRQSFDACIIETILILVGEHNGYGPAEACVSSTN
629,SAIAFDLSIGEGYLLFAGEINGWGPAETCVFSTL
630,SAIAFDLSVGEAILVLAGEICGWGPAETCVLSSL
631,SDISFDLSVGELFLLLAGEVNGWGPAETCVFSAT
632,SASAFDMSIGEPFFLIGGEISGWGPAETCVASTW
633,SAIGFDLSVGECIFVLCGEFNGWGPAETCVFSTL
634,SGHSFDGSLGETMLVLGGEVNGYGPAEACNYATT
635,AAAAFDAAVGEAWIILVGEINGWGPAETCVVSTL
636,SSLSFDAALFESLLLAAGELNAWGPTECCVIACL
637,SAIAFDLSIGEGYLLLAGEINGWGPAETCCFSAL
638,SAISFDVSVGEQYLLLIGEINAWGPAETCVFSSL
639,NAIAFDFSVMELYLFVAGELNGWGPAETVITSSI
640,SAIAFDLSIGEAFLLLAGE-------------TL
641,SAYSFDVGVLDVFLCLGGEHGLYGPAEASICAWN
642,SSYSFDASIAEALIILGGEFNAWGPTESCVFGSL
643,SAIAFDLSIGEAFLLLAGEINGWGPAETCVFSTL
644,SAIAFDLCLGELLLLLAGEWNGWGPAETCLFSSL
645,TGYSFDGSLGEGMLVLGGEFNGYGPAEACNYATT
646,ARQAFDACMIETFLLIGGERNVYGPAEACVATTN
647,SAIAFDLSIGEGYLLFAGEINGWGPAETCVFSTL
648,SAIAFDLSVGEAILVLAGEICGWGPAETCVLSSL
649,SDISFDVSVGELFLVLAGEVNGWGPAETCVLSAI
650,SAIAFDMSIGESFLLLAGEINGWGPAETCVFSTL
651,SAIGFDLSVGECIFILCGEFNGWGPAETCVYSSL
652,SGHSFDGSLGETMLVLGGEVNGYGPAEACNYVTT
653,SAAAFDAAVGETWIILVGEVNGWGPAETCVVSTL
654,SSLSFDAAVFESLLLVAGEINAWGPTECCVIACI
655,SAIAFDLSIGEGYLLLAGEINGWGPAETCCFSAL
656,SAISFDVSVGEQYLLLIGEINAWGPAETCVFSSL
657,NAISFDFSILEAYLCAGGEFNGWGPTETTVMGSL
658,SAIAFDLSIGEAYLLLAGEINGWGPAETCVFSTL
659,SAYSFDVGVLDVFLCLGGEHGLYGPAEASICAWN
660,SSYSFDASIAEALIMLGGEFNAWGPTESCVFGSL
661,SAIAFDLSIGEAFLLLAGEINGWGPAETCVFSTL
662,SAIAFDLCLGELLLLLAGEWNGWGPAETCLFSSL
663,TGYSFDGSLGEGMLVLGGEFNGYGPAEACNYATT
664,ARQAFDGSIFENVLVLAGEHNGYGPAEGCIGSTI
665,SAFAFDMSIAESILLVGGEFNGWGPTETCCCSAL
666,AAHSFDVGVLDILLSLIGEHGLYGPAEASVCAWN
667,SAISFDVSIGEAFLLLAGEINGWGPAETCVFSTL
668,SDISFDLSVGELFLLLAGEVNGWGPAETCVFSTL
669,SAVAFDMSIGEAFFLLAGEINGWGPAETCVFSTL
670,SGHSFDGSLGETMLVLGGEVNGYGPAEACNYATT
671,SAIAFDLSIGEAYLVLAGEINGWGPAETCVFSTL
672,SSLSFDAALFESLLLIGGEFNIWGPTECCVAASI
673,SAIAFDLSIGEGYLLLAGEINGWGPAETCCFSTL
674,SAISFDVSVGEEYLLLIGEYNAWGPAETCVLNTV
675,SDISFDFSISEMYLLMGGEFNAWGPTESCVMGTI
676,SAIAFDLSIGEGFLLLAGEINGWGPAETCVFSTL
677,SAYSFDVGVLDVFLCLGGEHGLYGPAEASICAWN
678,SSAAFDACIAETLLMLGGEFNAWGPTETCVFGAL
679,SAIAFDLSIGEAFFLLAGEVNGWGPAETCVFSTL
680,SAIAFDLSLADLLLFLAGEFNGWGPAETCILSSL
681,SGYSFDGSLGEAMLVLGGEINGYGPAEACNYATW
682,VRQAFDACISETLLLTMGEHNCYGPAEGCVSTTN
683,SAIAFDLSIGEGYLLFAGEINGWGPAETCVFSTL
684,VAHSFDIGILDVFLNLGGENGLYGPAEASICARN
685,SAIAFDLSIGEAFLLLAGEINGWGPAETCVFSTL
686,SDISFDVSVGELFLVLAGEVNGWGPAETCVLSAI
687,SAIAFDLSIGEAFLLLAGEVNGWGPAETCVFSTL
688,SAISFDVSIGEGCFILAGEINGWGPAETCVFSSM
689,SGHSFDGSLGETMLVLGGEVNGYGPAEACNYATT
690,SAIAFDLSIGEAYLLLAGEVNGWGPAETCVFSTL
691,GSLSFDAALFESLLLVAGETNAWGPTECCVIACI
692,SAIAFDLSIGEGYLLLAGEINGWGPAETCVFSTL
693,SDISFDVSVGEEYLLLIGEVNAWGPAETCVFSTL
694,SDISFDFSISEMYLLMGGEFNAWGPTESCVMGTI
695,SAIAFDLSIGEAFLLLAGEVNGWGPAETCVFSTL
696,SAYSFDVGVLDVFLCLGGEHGLYGPAEASICAWN
697,SSIAFDACIGEAMLILIGELNGWGPTETCVFGAL
698,SAIAFDLSIGEAFLLLAGEVNGWGPAETCVFSTL
699,SAIAFDMSVGEVWLFLAGEWNGWGPAETCVVSSL
700,TGYSFDGSLGEGMLVLGGEYNGYGPAEACNYAAT
701,SGYSFDGSLGEAMLVLGGEINGYGPAEACNYATW
702,ARQAFDACIAETFLILMGEHNGYGPAEGCVGSTN
703,SAIAFDLSIGEGYLLFAGEINGWGPAETCVFSTL
704,VAHSFDIGILDVFLNLGGENGLYGPAEASICARN
705,SAIAFDLSIGEAFLLLAGEINGWGPAETCVFSTL
706,SDISFDVSVGELFLVLAGEVNGWGPAETCVLSAI
707,SAIAFDLSIGEAFLLLAGEVNGWGPAETCVFSTL
708,SAISFDVSVGEGCFILEGEINGWGPAETCVFSSM
709,SGHSFDGSLGETMLVLGGEVNGYGPAEACNYATT
710,SAIAFDLSIGEAYLLLAGEVNGWGPAETCVFSTL
711,SSLSFDAALFESLLIVGGEINAWGPTEACVIAST
712,SAIAFDLSIGEGYILLAGEINGWGPAETCVFSTL
713,SDISFDVSVGEEYLLLIGEVNAWGPAETCVFSTL
714,SAFAFDLSIAEMYLLLAGELNGWGPAETCVTSTI
715,SAIAFDLSIGEAYLLLAGEVNGWGPAETCVFSTL
716,SAYSFDVGVLDVFLCLGGEHGLYGPAEASICAWN
717,SSIAFDACIGEAMLILIGELNGWGPTETCVFGAL
718,SAIAFDLSIGEAFLLLAGEVNGWGPAETCVFSTL
719,SAIAFDMSVGEVWLFLAGEWNGWGPAETCVVSSL
720,TGYSFDGSLGEGMLVLGGEYNGYGPAEACNYATT
721,SGYSFDGSLGEAMLILGGEINGYGPAEACNYATW
722,ARQAFDACIAESFLILMGEHNGYGPAEGCVGSTN
723,SAIAFDLSIGEGYLLFAGEINGWGPAETCVFSTL
724,SAIAFDLSVGEAILVLAGEICGWGPAETCVLSSL
725,SDISFDVSVGELFLVLAGEVNGWGPAETCVLSAI
726,SAIAFDLSIGESFFLLAGEINGWGPAETCVFSTL
727,SAIGFDLSVGECIFILCGEFNGWGPAETCVYSSL
728,SGHSFDGSLGETMLVLGGEVNGYGPAEACNYATT
729,AAAAFDAAVGEAWIILVGEINGWGPAETCVVSTL
730,SSLSFDAALFESLLLVAGEINAWGPTECCVIACI
731,SAIAFDLSIGEGYLLLAGEINGWGPAETCCFSAL
732,NAISFDVSVGEQYLLLAGEINAWGPAETCVYSAL
733,NAIAFDFSVMELYLFVAGELNGWGPAETVITSSI
734,SAIAFDLSIGEAFLLLAGEINGWGPAETCVFSTL
735,SAYSFDVGVLDVFLCLGGEHGLYGPAEASICAWN
736,SSYSFDASIAEALIMLGGEFNAWGPTESCVFGSL
737,SAIAFDLSIGEAFLLLAGEINGWGPAETCVFSTL
738,SAMAFDMSIAELWLFLAGEWNGWGPAETCVVSSL
739,TGYSFDGSLGEGMLVLGGEFNGYGPAEACNYATA
740,ARQAFDACIVETVLVLAGEHNGYGPAEGCIGSTN
